          id         |V|           K         #C1         #CP        t[s]          UB          z?        g[%]        #BBn       tr[s]         UBr       gr[%]       tH[s]          zH       gH[%]         #CL         mCL
           1         100           5         138          60        0.01   17.533333   17.533333       0.000           0        0.01    17.53333       0.000        0.00   17.533333       0.000           0          1
           2         100          10         152          78        0.03   31.697481   31.697481       0.000           0        0.03    31.69748       0.000        0.00   31.573926       0.391           1          2
           3         100          10         136         110        0.04   32.000000   32.000000       0.000           0        0.04    32.00000       0.000        0.00   32.000000       0.000           0          1
           4         100          20         126          66        0.04   43.522222   43.522222       0.000           0        0.04    43.52222       0.000        0.00   43.522222       0.000           0          1
           5         100          33         174         116        0.12   70.344444   70.344444       0.000           0        0.12    70.34444       0.000        0.01   70.344444       0.000           1          2
           6         200           5         408         628        0.08   41.113333   41.113333       0.000           0        0.08    41.11333       0.000        0.00   41.113333       0.000           0          1
           7         200          10         414         906        0.26   67.615704   67.615704       0.000           0        0.26    67.61570       0.000        0.00   67.447111       0.250           0          1
           8         200          20         360         658        0.21   93.114667   93.114667       0.000           0        0.21    93.11467       0.000        0.01   93.114667       0.000           0          1
           9         200          40         418         686        1.15  140.161649  140.161649       0.000          18        0.86   140.30235       0.100        0.02  139.764267       0.284           1          2
          10         200          67         526        1372        7.33  182.753165  182.753165       0.000         110        3.33   183.20081       0.245        0.07  182.574849       0.098           5          2
          11         300           5        1004        3968        0.37   95.449630   95.449630       0.000           3        0.36    95.53896       0.094        0.00   95.449630       0.000           0          1
          12         300          10         814        2756        0.82  120.579556  120.579556       0.000           6        0.76   120.60948       0.025        0.02  120.453096       0.105           0          1
          13         300          30         902        3342        7.04  198.405211  198.405211       0.000          32        4.77   199.15613       0.378        0.05  198.081308       0.164           0          1
          14         300          60         804        2722       19.52  245.202225  245.202225       0.000         168        9.16   245.90362       0.286        0.21  244.248981       0.390           0          1
          15         300         100         910        3470      720.35  283.163954  283.163954       0.000        3354       17.74   284.29512       0.399        0.41  282.577136       0.208           4          2
          16         400           5        1974       13784        4.35  177.562894  177.562894       0.000          19        2.30   180.59247       1.706        0.03  177.562894       0.000           0          1
          17         400          10        1738       11266       26.93  216.971205  216.971205       0.000         192        6.14   220.71472       1.725        0.06  216.971205       0.000           0          1
          18         400          40        1430        7758      570.24  304.491726  304.491726       0.000        2256       27.05   307.60140       1.021        0.16  303.775415       0.236           3          2
          19         400          80        1644        9618      885.71  371.859675  371.859675       0.000        3055       39.67   372.97701       0.300        0.98  371.236884       0.168           3          2
          20         400         133        1462        8014      183.06  395.681146  395.681146       0.000         341       61.89   395.88009       0.050        1.72  395.523438       0.040           4          2
          21         500           5        2918       27626        5.71  246.639935  246.639935       0.000          14        3.42   248.88136       0.909        0.02  246.639935       0.000           0          1
          22         500          10        2496       21494      173.14  277.372755  277.372755       0.000         500        8.56   285.04695       2.767        0.13  277.372755       0.000           0          1
          23         500          50        2772       24348          TL  440.533137  436.673696       0.884        1539       78.93   441.95910       1.210        0.63  436.485544       0.043           1          2
          24         500         100        2810       23810          TL  487.963313  486.765138       0.246        1145      111.51   488.41310       0.339        1.93  486.275999       0.101           4          2
          25         500         167        3078       29866      791.14  499.369505  499.369505       0.000         901      267.43   499.37952       0.002        4.15  499.244894       0.025           2          2
          26         600           5        5086       70238      904.69  356.702511  356.702511       0.000         353       22.64   371.64846       4.190        0.03  356.702511       0.000           0          1
          27         600          10        5420       75078          TL  439.350703  431.380149       1.848         494       37.73   444.48826       3.039        0.10  431.380149       0.000           0          1
          28         600          60        5338       78458          TL  569.623863  565.993243       0.641         456      211.46   570.11752       0.729        1.92  565.862497       0.023           1          2
          29         600         120        4982       67654          TL  594.971143  594.658042       0.053         525      365.82   595.15516       0.084        3.57  594.086547       0.096           0          1
          30         600         200        4284       48514       19.36  600.000000  600.000000       0.000           0       19.36   600.00000       0.000        1.93  600.000000       0.000           3          3
          31         700           5        8624      152102          TL  506.464485  490.907517       3.169         299       33.60   513.49092       4.600        0.05  489.277211       0.333           0          1
          32         700          10        7294      123992          TL  543.805042  533.117762       2.005         341       53.21   547.86623       2.766        0.28  533.117758       0.000           1          2
          33         700          70        7110      121930          TL  682.551022  679.982898       0.378         243      386.46   682.75339       0.407        3.65  679.745191       0.035           1          2
          34         700         140        8044      141988          TL  699.595276  699.594937       0.000        1082      712.02   699.59895       0.001        8.49  699.457613       0.020           1          2
          35         800           5       14838      312066          TL  660.088279  640.362314       3.080         106       81.29   660.87949       3.204        0.09  640.362314       0.000           0          1
          36         800          10       10904      224412          TL  667.738341  649.239704       2.849         153      123.19   669.17449       3.070        0.25  649.220128       0.003           0          1
          37         800          80        9072      186296          TL  785.628063  783.428491       0.281         120      709.37   785.70921       0.291        3.43  783.102364       0.042           3          2
          38         900           5       21526      466312          TL  778.290202  755.520099       3.014          42      167.08   779.30087       3.148        0.10  755.520099       0.000           0          1
          39         900          10       21248      471774          TL  825.874408  813.774464       1.487          45      289.07   826.24229       1.532        0.33  813.774402       0.000           0          1
          40         900          90       14636      345298          TL  893.880568  893.366937       0.057          76     1013.52   893.99117       0.070        6.43  892.756944       0.068           0          1
